Berufsbezeichnung,Jährlicher Durchschnitt Männlich (Brutto),Jährlicher Durchschnitt Weiblich (Brutto),Diskrepanz
Management Direktor/in,206443.44,121846.15,-84597.29
Richter/in,189467.69,110769.23,-78698.46
Leiter/in Produktentwicklung,133274.73,66000,-67274.73
Account Direktor/in,168000,108369.23,-59630.77
Medical Writer,166153.85,107743.59,-58410.26
Fachinformatiker/in,90481.83,33230.77,-57251.06
IT Change Manager/in,142833.33,89550,-53283.33
HR Manager/in,157784.62,105711.94,-52072.68
Chefarzt/ärztin,239399.57,193333.33,-46066.24
Business Unit Manager/in,161364.1,117938.46,-43425.64
Vorsorgeberater/in,107794.87,67384.62,-40410.25
Automobilverkäufer/in,73534.97,34200,-39334.97
Verkaufsleiter/in,126634.38,91253.85,-35380.53
Senior Business Analyst/in,130707.46,95538.46,-35169
Personaldisponent/in,95057.69,60000,-35057.69
Stabsmitarbeiter/in,120000,85502.77,-34497.23
Backoffice Manager/in,112384.62,78923.08,-33461.54
Personalmanager/in,133333.33,100330.77,-33002.56
Chef/in Labor,101458.46,69230.77,-32227.69
Geschäftsführer/in,184787.8,152932.54,-31855.26
Producer/in,64790.77,34633.85,-30156.92
Reitlehrer/in,71538.46,41538.46,-30000
Legal Counsel,140555.77,111057.69,-29498.08
Senior Data Scientist/in,143115.38,113676.92,-29438.46
Pharmareferent/in,94051.69,64615.38,-29436.31
Orthopädie Schuhmacher/in,85697.12,56400,-29297.12
Immobilienmakler/in,99461.54,70393.85,-29067.69
Unternehmensberater/in,141044.44,112269.23,-28775.21
Editor/in,115050,86307.69,-28742.31
Arzt/Ärztin,130971.54,102270.01,-28701.53
Risikomanager/in,120815.38,92307.69,-28507.69
HR Consultant,111384.62,82969.23,-28415.39
Kaufmännische/r Leiter/in,104025.64,76000,-28025.64
Betriebsleiter/in,93206.97,65593.13,-27613.84
Stellvertretende/r Geschäftsführer/in,113249.23,86025.64,-27223.59
Großhandelskauffrau/mann,73846.15,47224.62,-26621.53
Verkehrsplaner/in,92288.31,66157.69,-26130.62
IT Anwendungsbetreuer/in,95219.78,69600,-25619.78
Patentingenieur/in,114000,88615.38,-25384.62
3D Visualisierer/in,69673.08,44307.69,-25365.39
Zimmerer/Zimmerin,61375.18,36138.46,-25236.72
Pharmakant/in,98769.23,73615.38,-25153.85
ICT Projektleiter/in,117204.38,92307.69,-24896.69
Asset Controller/in,105230.77,80500,-24730.77
Ingenieur/in Universität,105384.15,80769.23,-24614.92
Betriebswirt/in,74453.85,49846.15,-24607.7
Risk Manager/in,128191.33,103772.67,-24418.66
Fachplaner/in,80815.38,56400,-24415.38
Export Manager/in,109371.79,85323.08,-24048.71
Optiker/in,83076.92,59076.92,-24000
Bestatter/in,71662.49,47693.91,-23968.58
Projektleiter/in Marketing,108349.04,84472.82,-23876.22
Pflegedienstleiter/in,111793.13,88042.23,-23750.9
Compliance Officer,119653.85,96153.85,-23500
Prozessingenieur/in,89735.38,66415.38,-23320
Uhrmachermeister/in,90382.05,67200,-23182.05
Anlagenbuchhalter/in,100153.85,77169.23,-22984.62
Modedesigner/in,87000,64141.22,-22858.78
Facharzt/-ärztin Allgemeinchirurgie,197179.49,174358.97,-22820.52
Steuerberater/in,140336.54,117692.31,-22644.23
Gemeindeschreiber/in,129969.23,107384.62,-22584.61
Manager/in,127846.15,105500,-22346.15
Reiseverkehrskaufmann/frau,79338.27,57092.31,-22245.96
Arzt/Ärztin für Versicherungsmedizin,180000,158307.69,-21692.31
Senior E-Commerce Manager/in,88030.77,66492,-21538.77
Group Accountant,100365.38,79021.54,-21343.84
HR Spezialist/in,115384.62,94139.78,-21244.84
Stellvertretende/r Marktleiter/in,71353.85,50190.77,-21163.08
Kundenbetreuer/in,74516.92,53367.46,-21149.46
Security Analyst/in,117110.88,96000,-21110.88
Berater/in Einkauf/Beschaffung,97446.15,76923.08,-20523.07
Marketingleiter/in,153105.27,132759.62,-20345.65
Pharmaassistent/in,69230.77,49078.92,-20151.85
PR-Berater/in,75461.54,55384.62,-20076.92
Einzelhandelskauffrau/mann,87032.97,66969.23,-20063.74
Projektmanager/in,102826.54,82766.15,-20060.39
Programm Manager/in,126449.23,106420,-20029.23
Bauführer/in,92666.36,72876.92,-19789.44
IT Projektleiter/in,118494.95,98729.67,-19765.28
Category Field Manager/in,110769.23,91016.77,-19752.46
Versicherungskaufmann/kauffrau,88167.83,68560.14,-19607.69
Fremdsprachenlehrer/in,74584.62,55299.15,-19285.47
Psychiatriepflege/r,84369.23,65200,-19169.23
IT-Administrator,83653.1,64615.38,-19037.72
Sekundarlehrer/in,109470.78,90442.31,-19028.47
Elektromonteur/in,65155.06,46153.85,-19001.21
Produktentwickler/in,91332.72,72461.54,-18871.18
Sacharbeiter/in Inkasso,74615.38,55753.85,-18861.53
Sommelier/Sommelière,64615.38,45769.23,-18846.15
Rechtsanwalt/Rechtsanwältin,143433.32,124770.23,-18663.09
Berater/in,82746.15,64753.85,-17992.3
Sanitärplaner/in,65764.62,48000,-17764.62
Versicherungsberater/in,100990.77,83367.03,-17623.74
Art Director/in,88726.92,71148.08,-17578.84
Greenkeeper,78165.03,60600,-17565.03
Senior Controller/in,123245.72,106039.56,-17206.16
Kompetenz-Trainer/in,78490.38,61450,-17040.38
Maschinenbauingenieur/in,93407.31,76662.65,-16744.66
Verkaufsberater/in,64520.16,48132.4,-16387.76
Teamleiter/in Logistik,81136,64806.59,-16329.41
Senior Consultant,118102.33,101820.51,-16281.82
CNC-Mechaniker/in,67281.62,51200,-16081.62
Projektingenieur/in,96073.1,80012.31,-16060.79
Montagehelfer/in,68025.64,52140,-15885.64
Teamleiter/in Pflege,89673.08,73831.31,-15841.77
Fahrradmechaniker/in,63642.36,48000,-15642.36
Radiologie Technologe/in,87192.92,71612.31,-15580.61
Immobilienverwalter/in,86615.32,71184.51,-15430.81
Kaufmann/frau Verkehrsservice,67441.85,52096.41,-15345.44
Bankberater/in,110546.85,95225.64,-15321.21
Lagerhilfsarbeiter/in,49152.21,34076.92,-15075.29
Datenerfasser/in,75692.31,60717.95,-14974.36
Einkaufsmanager/in,115538.46,100615.38,-14923.08
Hochbautechniker/in,89307.69,74400,-14907.69
Chemieingenieur/in,92058.19,77267.82,-14790.37
Sattler/in,56246.15,41538.46,-14707.69
Dozent/in,128284.14,113646.15,-14637.99
Kunststofftechnologe/in,66143.08,51600,-14543.08
Industriearbeiter/in,60531.69,46015.38,-14516.31
Filialleiter/in,75727.69,61221.24,-14506.45
Financial Controller/in,110550.77,96051.28,-14499.49
Management Consultant,139478.21,125000,-14478.21
Primarlehrer/in,92367.19,78064.69,-14302.5
Supervisor/in,81461.54,67300,-14161.54
Elektroplaner/in,67365.38,53415.38,-13950
Finanzbuchhalter/in,99186.42,85349.47,-13836.95
Leiter/in IT Sicherheit,124500,110769.23,-13730.77
Baukostenplaner/in,117547.25,103846.15,-13701.1
Abteilungsleiter/in Gastronomie,83815.38,70223.08,-13592.3
Medizinisch-technische/r Assistent/in,76800,63245.34,-13554.66
Sales Manager/in,100239.33,86778.38,-13460.95
Qualitätsprüfer/in,70183.13,56802.18,-13380.95
Augenoptikermeister/in,82435.91,69205.13,-13230.78
SEO Manager/in,98170.94,85000,-13170.94
Lagerleiter/in,67324.85,54263.54,-13061.31
Leiter/in Kommunikation,116362.82,103333.27,-13029.55
Anlagenbauer/in,70581.82,57600,-12981.82
Kommissionierer/in,52419.46,39461.54,-12957.92
Chemiker/in,98356.53,85540,-12816.53
Junior Consultant,89698.6,76884.62,-12813.98
Compliance Manager/in,101833.33,89087.69,-12745.64
Business Development Manager/in,118259.76,105646.15,-12613.61
Laborleiter/in,106730.31,94215.38,-12514.93
Heilpädagoge/in,103110.26,90646.15,-12464.11
Messtechniker/in,69971.74,57600,-12371.74
Facharzt/ärztin,139971.66,127603.55,-12368.11
Kalkulator/in,79468.27,67200,-12268.27
Regionalleiter/in,114341.88,102076.92,-12264.96
Junior Key Account Manager/in,72138.46,60000,-12138.46
Oberarzt/ärztin,125935.18,113820.17,-12115.01
Application-Manager/in,103401.1,91384.62,-12016.48
Leiter/in Projektmanagement,129476.92,117673.08,-11803.84
Psychologe/in,97473.08,85719.69,-11753.39
Feinwerkmechaniker/in,58269.23,46523.08,-11746.15
User Experience Designer/in,83380.77,71723.08,-11657.69
Mediengestalter/in in Bild und Ton,57692.31,46153.85,-11538.46
Tierarzt/ärztin,120267.99,108762.39,-11505.6
Bankkaufmann/Bankkauffrau,80533.08,69142.01,-11391.07
Personalleiter/in,116197.8,104927.54,-11270.26
Serviceleiter/in,76317.16,65076.92,-11240.24
Sekretär/in,69207.69,57967.53,-11240.16
Ingenieur/in Biotechnologie,90776.92,79553.41,-11223.51
Buchbinder/in,61978.85,50769.23,-11209.62
Prozessmanager/in,99000,87795.8,-11204.2
Mikrobiologe/in,90000,78826.92,-11173.08
ICT Service Manager/in,128057.69,116884.62,-11173.07
Kurier,47126.92,36000,-11126.92
Zahntechniker/in,65578.28,54488.54,-11089.74
Steuerfachangestellte/r,80307.69,69230.77,-11076.92
CAD Assistent/in,66461.54,55384.62,-11076.92
Digital Business Consultant,109958.97,99000,-10958.97
Pharmazeut/in,99538.46,88593.41,-10945.05
Sachbearbeiter/in Debitoren,67206.15,56349.62,-10856.53
Geologe/in,84501.1,73846.15,-10654.95
Treasury Manager/in,115512.82,104880,-10632.82
Archivar/in,61000,50400,-10600
Kindergartenleiter/in,83630.77,73230.77,-10400
Immobilientreuhänder/in,110723.08,100400,-10323.08
Veranstaltungstechniker/in,68957.51,58800,-10157.51
Industriefachwirt/in,77538.46,67384.62,-10153.84
Hoteldirektor/in,115457.44,105307.69,-10149.75
Buyer/in,67753.85,57692.31,-10061.54
Werkzeugmacher/in,68617.12,58846.15,-9770.96999999999
Produktdesigner/in,85240,75530.77,-9709.23
Projektleiter/in Metallbau,87136.7,77538.46,-9598.23999999999
Aktuar/in,114871.79,105278.85,-9592.93999999999
Stationsleiter/in,93574.71,84009.52,-9565.19
ICT Supporter/in,70520.77,61015.38,-9505.39000000001
Technische/r Zeichner/in,66167.83,56812.31,-9355.52
Straßenreiniger/in,53658.46,44307.69,-9350.77
Verkäufer/in Innendienst,65636.47,56348.87,-9287.6
Leiter/in Buchhaltung,111923.08,102692.31,-9230.77
Finanzberater/in,93533.85,84307.69,-9226.16
Elektriker/in,61776.87,52692.31,-9084.56000000001
Designer/in,65926.87,56917.66,-9009.20999999999
Administrator/in,89858.54,80869,-8989.53999999999
Fachbereichsleiter/in,83076.92,74215.38,-8861.53999999999
Personaltrainer/in,55000,46153.85,-8846.15
Einkaufsleiter/in,126069.23,117230.77,-8838.45999999999
Produktionsmechaniker/in,59238.14,50400,-8838.14
Kassierer/in,49435.38,40616.22,-8819.16
Podologe/Podologin,60132.72,51323.08,-8809.64
Florist/in,53666.67,44905.02,-8761.65
Restaurantleiter/in,70714.62,62000,-8714.62
Visagist/in,53169.23,44492.31,-8676.92000000001
Laborant/in,69560.84,60925.52,-8635.32
Serviceberater/in,66368.42,57761.54,-8606.88
Metallarbeiter/in,62888.76,54369.23,-8519.53
Sozialpädagoge/in,77543.77,69040.43,-8503.34000000001
Relationship Manager/in,108007.69,99538.46,-8469.23
Maschinenführer/in,63129.07,54676.92,-8452.15
Assistent/in Gastronomie,55810.81,47446.15,-8364.66
Produktionshelfer/in,54077.95,45822.79,-8255.16
Bauingenieur/in,89104.39,80868.94,-8235.45
Landschaftsarchitekt/in,79280,71058.46,-8221.53999999999
Einkäufer/in,84377.68,76189.42,-8188.26
Kaufmann/Kauffrau,68357.64,60225.97,-8131.67
Logistikfachfrau/mann,63918.73,55823.08,-8095.65
Technische/r Assistent/in,73169.29,65090,-8079.28999999999
Projektmanager/in Produktion,94190.49,86153.85,-8036.64
Betriebswirtschafter/in,92851.05,84896.15,-7954.90000000001
Teamleiter/in,86472.44,78615.9,-7856.54000000001
Barista,60343.59,52523.08,-7820.51
Gebäudetechniker/in,67950.77,60153.85,-7796.92000000001
Innendekorateur/in,61090.11,53449.48,-7640.63
Polizist/in,83138.38,75521.42,-7616.96000000001
Logistikassistent/in,58861.54,51325.64,-7535.9
Milchtechnologe/in,61524.69,54000,-7524.69
Assistent/in Marketing,72892.31,65433.65,-7458.66
Autolackierer/in,62247.98,54800,-7447.98
Consultant,93738.46,86375.38,-7363.08
Kosmetiker/in,57692.31,50411.53,-7280.78
Senior Software Engineer,108252.98,101000,-7252.98
Industriekaufmann/Industriekauffrau,72282.05,65076.92,-7205.13000000001
Verwaltungsangestellte/r,77984.62,70812.99,-7171.62999999999
Buchhalter/in,83888.18,76777.57,-7110.60999999999
Bäckereifachverkäufer/in,51692.31,44679.49,-7012.82
Leiter/in Lagerlogistik,82453.91,75507.69,-6946.22
Fahrdienstleiter/in Bahn,66000,59076.92,-6923.08
Nachtwächter/in,28000,21230.77,-6769.23
Analyst/in,87527.99,80766.67,-6761.32000000001
Fotograf/in,61510.77,54756.92,-6753.85
Frontendentwickler/in,82979.49,76246.15,-6733.34000000001
Zimmermädchen,46907.69,40222.63,-6685.06000000001
Softwareentwickler/in,89969.11,83305.85,-6663.26
Biomedizinische Analytiker/in,75952.81,69336.44,-6616.37
Stellvertretende/r Filialleiter/in,69230.77,62646.15,-6584.62
Mitarbeiter/in Werkhof,61515.1,55000,-6515.1
Brand Manager/in,115889.14,109380.89,-6508.25
Polydesigner/in 3D,63646.15,57179.44,-6466.71
Disponent/in,68375.46,61912.49,-6462.97000000001
Büroangestellte/r,61101.96,54731.02,-6370.94
Backoffice,73661.54,67351.79,-6309.75
Siebdrucker/in,61440,55200,-6240
Assistenz der Geschäftsleitung,86523.08,80302.05,-6221.03
Sozialpädagoge/in in Ausbildung,43200,37020.85,-6179.15
Technische/r Kaufmann/frau,72633.85,66461.54,-6172.31000000001
Konditor/in,57350.77,51181.81,-6168.96
Altenpfleger/in,63956.19,57888.58,-6067.61
Textilingenieur/in,85907.69,79846.15,-6061.54000000001
Wissenschaftliche/r Mitarbeiter/in,86117.54,80117.28,-6000.26
Hausverwalter/in,40000,34000,-6000
Verkäufer/in,50273.71,44318.85,-5954.86
Zahnarzt/Zahnärztin,111415.38,105463.71,-5951.67
Reinigungsfachkraft,43268.38,37347.64,-5920.74
Fleischer/in,55670.33,49768.62,-5901.71
Glaser/in,62120.98,56230.77,-5890.21000000001
Lokführer/in,77487.73,71692.31,-5795.42
Biochemiker/in,98794.87,93046.15,-5748.72
Kundenberater/in,72454.49,66720.69,-5733.8
Sachbearbeiter/in Immobilien,61500,55807.18,-5692.82
Biologielaborant/in,69336.41,63646.21,-5690.2
Garten-/Landschaftsgestalter/in,55804.7,50153.85,-5650.85
Architekt/in,74814.45,69223.94,-5590.51
Taxifahrer/in,48751.25,43200,-5551.25
Baggerfahrer/in,59730.03,54276.92,-5453.11
Oberkellner/in,59384.62,53953.85,-5430.77
Sales Assistant/in,68661.54,63277.99,-5383.55
Anlagenführer/in,60494.91,55160.44,-5334.47
Polier,77321.27,72000,-5321.27
Fachfrau/-mann Gesundheit,59934.08,54662.03,-5272.05
Studiensekretär/in,67384.62,62153.85,-5230.77
Kriminologe/Kriminologin,110769.23,105576.92,-5192.31
IT Kauffrau/mann,72662.77,67500,-5162.77
Sterilisationsassistent/in,69200.5,64047,-5153.5
IT Teamleiter/in,122340.73,117200,-5140.73
Manager/in klinische Forschung,178492.31,173403.85,-5088.45999999999
Lagerist/in,53886.63,48834.32,-5052.31
Pflegeassistent/in,51068.7,46044.89,-5023.81
Gerüstmonteur/in,64807.45,59815.38,-4992.07
Pflegefachfrau/mann,73684.04,68715.6,-4968.43999999999
Anwalt/Anwältin,107367.61,102453.61,-4914
Marketing Assistent/in,67438.46,62552.88,-4885.58000000001
Client Manager/in,103947.69,99097.69,-4850
Servierer/in,45415.38,40566.15,-4849.23
Polygraf/in,72017.3,67168.77,-4848.53
Gebäudereiniger/in,51328.83,46538.46,-4790.37
Produktmanager/in,96890.09,92110.77,-4779.31999999999
Industrielackierer/in,60158.08,55384.62,-4773.46
Verpackungsentwickler/in,62621.54,57871.79,-4749.75
Bereichsleiter/in,107204.4,102456.92,-4747.48
Exportsachbearbeiter/in,65049.23,60327.32,-4721.91
Küchenhilfe,40966.5,36269.88,-4696.62
Betriebsmechaniker/in,70193.85,65538.46,-4655.39
Hotelkaufmann/frau,59600,54952.88,-4647.12
Zimmermann,60201.01,55716.92,-4484.09
Senior Legal Counsel,140000,135589.74,-4410.26000000001
Monteur/in,64494.73,60090.73,-4404
Bauleiter/in,80775.25,76371.48,-4403.77
Buchhändler/in,73649.88,69251.13,-4398.75
Junior Controller/in,75762.82,71406.59,-4356.23000000001
Heizungsmonteur/in,61645.31,57314.69,-4330.62
Sachbearbeiter/in Kundendienst,62956.39,58685.18,-4271.21
Reifenmonteur/in,45803.79,41538.46,-4265.33
IT Consultant,110309.09,106110.09,-4199
Controller/in,95819.87,91706.45,-4113.42
Detailhandelsfachfrau/mann,52326.39,48270.5,-4055.89
Mediamatiker/in,64242.31,60205.97,-4036.34
Kinomitarbeiter/in,42092.31,38076.92,-4015.39
Küchenverkäufer/in,76015.38,72000,-4015.38
Trockenbauer/in,62153.11,58153.85,-3999.26
Physiotherapeut/in,71606.03,67637.62,-3968.41
Industriedesigner/in,71743.59,67800,-3943.59
Textilpfleger/in,46153.85,42237.36,-3916.49
Umweltingenieur/in,86538.27,82692.31,-3845.96000000001
Produktionstechniker/in,69317.16,65532.69,-3784.47
Reservation Manager/in,57969.23,54276.92,-3692.31000000001
Pricing Manager/in,131923.08,128307.69,-3615.38999999999
Servicefachkraft,49518.15,45958.58,-3559.57
Leiter/in Einkauf,129628.34,126083.08,-3545.25999999999
Operationstechniker/in,89510.26,85986.81,-3523.45
Assistentin/in Tierarztpraxis,48461.54,44938.46,-3523.08
Restaurantfachfrau/mann,50869.23,47400.64,-3468.59
Senior IT Projektleiter/in,132015.38,128582.69,-3432.69
Metzger/in,57845.56,54442.53,-3403.03
Fachkraft für Lagerwirtschaft,54169.23,50769.23,-3400
Bademeister/in,63801.32,60403.83,-3397.49
Postbote/in,56146.15,52801.51,-3344.64
Pflege/r,57468.08,54155.76,-3312.32
Apotheker/in,86281.78,82973.83,-3307.95
Trader/in,132533.33,129230.77,-3302.55999999998
Lehrer/in,85909.9,82610.09,-3299.81
Ingenieur/in,95403.23,92118.17,-3285.06
Maschinenzeichner/in,62930.77,59651.28,-3279.49
Maskenbildner/in,60923.08,57692.31,-3230.77
Fleischereifachverkäufer/in,56307.69,53107.69,-3200
Schneider/in,56928.57,53787.87,-3140.7
Logopäde/in,84000,80859.69,-3140.31
Büromitarbeiter/in,71207.22,68113.98,-3093.24000000001
Gärtner/in,54404.42,51331.47,-3072.95
Qualitätsmanager/in,89416.84,86397.25,-3019.59
Koordinator/in,74949.45,71936.15,-3013.3
Schichtführer/in,73456.41,70500,-2956.41
Bauphysiker/in,88400,85503.3,-2896.7
Supply Chain Manager/in,104631.12,101868.13,-2762.98999999999
Hochbauzeichner/in,61430.77,58713.03,-2717.74
Produktionsleiter/in,87094.67,84384.62,-2710.05
Fachmann/-frau Systemgastronomie,51447.69,48738.46,-2709.23
Sanitäter/in,60738.71,58105.64,-2633.07
Busfahrer/in,66553.52,63929.67,-2623.85000000001
IT Tester/in,98030.77,95423.08,-2607.69
Gruppenleiter/in Kundendienst,84753.85,82153.85,-2600
Webentwickler/in,74594.87,72000,-2594.87
Finance Manager/in,120512.82,117923.08,-2589.74000000001
Patissier/Patissière,52984.62,50400,-2584.62
Webdesigner/in,64706,62180.77,-2525.23
Chef de Service,56823.41,54310.3,-2513.11
Ergotherapeut/in,74820.91,72322.02,-2498.89
Hausmeister/in,63179.05,60718.51,-2460.54
Anlageberater/in,103772.47,101353.85,-2418.62
Techniker/in Medizin,76800,74400,-2400
Junior Software Engineer,78271.91,75923.08,-2348.83
Ingenieur/in Haustechnik,87346.19,85000,-2346.19
Innenarchitekt/in,73217.44,70922.19,-2295.25
Treasurer,121018.57,118724.14,-2294.43000000001
Assistenzarzt/-ärztin,84029.62,81773.97,-2255.64999999999
Fahrer/in,49735.65,47507.69,-2227.96
Callcenteragent/in,45374.96,43159.62,-2215.34
Tischler/in,62164.31,60000,-2164.31
Elektroinstallateur/in,62157.98,60000,-2157.98
Grafikdesigner/in,59364.2,57236.89,-2127.31
Maler/in,59047.4,56921.93,-2125.47
Sachbearbeiter/in,60684.92,58594.72,-2090.2
Redakteur/in,75978.09,73910.05,-2068.03999999999
Augenoptiker/in,56796.15,54731.16,-2064.99
Hörgeräteakustiker/in,77261.54,75230.77,-2030.76999999999
Merchandiser/in,62580,60563.08,-2016.92
Doktorand/in,53891.08,51881.54,-2009.54
Qualitätstechniker/in,78156.21,76153.85,-2002.36
Fachkraft Hauswirtschaft,47211.54,45221.17,-1990.37
Audiotechniker/in,89446.15,87473.77,-1972.37999999999
Krankenschwester/Krankenpfleger,69041.07,67162.63,-1878.44
Supermarkt Angestellte/r,38769.23,36923.08,-1846.15
Touristiker/in,57000,55188.46,-1811.54
Systemtechniker/in,71921.68,70143.69,-1777.98999999999
Angestellte/r,64557.69,62784.62,-1773.07
Bankangestellte/r,76963.2,75200.64,-1762.56
Hotelleriemitarbeiter/in,45046.15,43342.85,-1703.3
Bäcker/in,57207.23,55505.47,-1701.76
Brandschutzbeauftragte/r,99692.31,98000,-1692.31
Logistiker/in,58612.43,56945.34,-1667.09
Fliesenleger/in,59321.51,57692.31,-1629.2
Chauffeur/in,57576.76,55971.92,-1604.84
Volksschullehrer/in,91582.42,90000,-1582.42
Chefmonteur/in,82725.43,81150.46,-1574.96999999999
Sozialversicherungsfachmann/frau,73846.15,72276.92,-1569.23
Aussendienstmitarbeiter/in,81829.94,80330.77,-1499.17
Speditionskauffrau/mann,62388.13,60894.74,-1493.39
Maurer/in,65441.26,63997.44,-1443.82
Zolldeklarant/in,66173.42,64789.59,-1383.83
Assistent/in,63792.62,62429.55,-1363.07
Physiker/in,104726.5,103384.62,-1341.88
Dachdecker/in,59707.99,58380.42,-1327.57
Account Manager/in,90778.34,89452.53,-1325.81
Pilot/in (First Officer),80276.57,78980.77,-1295.8
Journalist/in,78912.97,77679.33,-1233.64
Treuhänder/in,76564.42,75333.33,-1231.09
Fabrikarbeiter/in,42656.64,41427.62,-1229.02
Tierpfleger/in,59592.82,58367.24,-1225.58
Online-Marketing Manager/in,86527.18,85307.69,-1219.48999999999
Fachfrau/mann Behindertenbetreuung,57914.3,56701.46,-1212.84
Reisebürokauffrau/mann,51600,50453.85,-1146.15
SAP Entwickler/in,105103.85,103961.54,-1142.31000000001
Landwirtschaftliche/r Mitarbeiter/in,41548.72,40505,-1043.72
Anästhesie-Schwester/Pfleger,87210.5,86181.82,-1028.67999999999
Förster/in,77633.94,76615.38,-1018.56
PHP Entwickler/in,64246.15,63230.77,-1015.38
Bauzeichner/in,59186.13,58255.41,-930.719999999994
Empfangschef/in,66924,66046.15,-877.850000000006
Banker/in,106076.92,105227.35,-849.569999999992
Drogist/in,51027.69,50192.31,-835.380000000005
Assistent/in Einkauf,67523.08,66747.01,-776.070000000007
Zugbegleiter/in,63631.46,62887.91,-743.549999999996
Friseur/in,48454.85,47719.23,-735.619999999995
Küchenchef/in,68164.36,67430.77,-733.589999999997
Möbelpacker/in,51485.13,50769.23,-715.899999999994
Bildhauer/in,52984.62,52288.55,-696.07
Hebamme,72846.15,72151.75,-694.399999999994
Pferdewirt/in,55500,54838.46,-661.540000000001
Schuhmacher/in,57400,56769.23,-630.769999999997
Dentalhygieniker/in,60923.08,60294.65,-628.43
Masseur/in,49160.56,48596.04,-564.519999999997
Innendienstmitarbeiter/in,65353.85,64793.41,-560.439999999995
Bodenleger/in,59198.31,58707.69,-490.619999999995
Verkaufsassistent/in,52061.54,51576.92,-484.620000000003
Regulatory Affairs Manager/in,106692.31,106221.15,-471.160000000004
Portfolio Manager/in,110464.34,110000,-464.339999999997
Praktikant/in,27400.1,27023.72,-376.379999999997
Abteilungsleiter/in,103760.31,103427.27,-333.039999999994
Category Manager/in Assistenz,77838.46,77538.46,-300
Goldschmied/in,68946.88,68723.46,-223.419999999998
Sachbearbeiter/in Pensionskasse,66010,65803.85,-206.149999999994
Zeichner/in EFZ,57481.73,57292.31,-189.420000000006
Werbetechniker/in,56572.03,56386.81,-185.220000000001
Stewardess/Steward,46217.58,46051.99,-165.590000000004
Coiffeure,44275.21,44141.59,-133.620000000003
Plattenleger/in,62350.76,62227.69,-123.07
Erzieher/in,58341.54,58270.9,-70.6399999999994
Montagekontrolleur/in,100200,100200,0
Ortopäde/in,120000,120000,0
Kamerafrau/mann,56307.69,56307.69,0
IT Prozessbetreuer/in,105887.69,105900,12.3099999999977
Sous-Chef/in,59978.06,60000,21.9400000000023
Medizinische/r Fachangestellte/r,56538.46,56605.72,67.260000000002
IT Beratung,124854.7,125000,145.300000000003
Postangestellte/r,60695.02,60846.68,151.660000000004
Area Manager/in,103461.54,103692.31,230.770000000004
Marketingreferent/in,83420,83654.81,234.809999999998
Objektbetreuer/in,85549.45,85870.09,320.639999999999
Fachfrau/mann für Radiologie,72361.31,72693.05,331.740000000005
Leiter/in Rechnungswesen,135042.74,135384.62,341.880000000005
Sanitär Servicetechniker/in,72822.49,73200,377.509999999995
Kindergärtner/in,60651.58,61037.73,386.150000000001
Personalreferent/in,80769.23,81157.17,387.940000000002
Tax Manager/in,129141.43,129538.46,397.030000000013
Marketing Trainee,51600,52000,400
Lebensmitteltechnologe/in,59259.25,59676.92,417.669999999998
Bilanzbuchhalter/in,88789.71,89256.74,467.029999999999
Business Analyst/in,99538.1,100044.23,506.12999999999
Assistent/in Personal,58476.92,58991.36,514.440000000002
Fachangestellte/r Betreuung,58289.03,58820.41,531.380000000005
Betonbauer/in,59381.54,60000,618.459999999999
Anlagenmechaniker/in,65376.92,66000,623.080000000002
Sozialarbeiter/in,69009.11,69695.13,686.020000000004
Assistenzzahnarzt/ärztin,85318.71,86020.96,702.25
Mediengestalter/in in Digital und Print,73800,74502.56,702.559999999998
Feinwerkoptiker/in,79193.01,79961.54,768.529999999999
Bürokaufmann/Bürokauffrau,58101.54,58959.76,858.220000000001
Mitarbeiter/in Kommunikation,72707.69,73570.26,862.569999999992
Junior Bauleiter/in,63817.29,64707.69,890.400000000002
Chef de Rang,51214.69,52148.38,933.689999999995
Druckausrüster/in,62296.15,63230.77,934.619999999995
Hilfswissenschaftler/in,24500,25476.92,976.919999999998
Entwicklungsingenieur/in,83079.72,84137.54,1057.81999999999
Geomatiker/in,65509.04,66584.62,1075.57999999999
Forschungsassistent/in Universität,85320.51,86410.77,1090.26000000001
Leiter/in Controlling,153846.15,155000,1153.85000000001
Assistenzarzt/ärztin,86355.21,87527.75,1172.53999999999
SAP Berater/in,111423.9,112661.69,1237.79000000001
HR Assistent/in,59729.9,60979.83,1249.93
Hilfsarbeiter/in,44328.96,45600,1271.04
F&B Manager/in,89455.94,90740.81,1284.87
Kaufmännische/r Angestellte/r,59383.03,60786.82,1403.79
Payroll Specialist,97076.92,98523.08,1446.16
Polymechaniker/in,63158.24,64615.38,1457.14
Fitnesstrainer/in,57557.15,59023.98,1466.83
Technische/r Redakteur/in,88784.21,90333.33,1549.12
Rezeptionist/in,48974.19,50576.41,1602.22
KfZ Mechaniker/in,60476.16,62100.8,1624.64
Pilot/in (Captain),150519.23,152222.22,1702.98999999999
Flugbegleiter/in,43931.92,45646.15,1714.23
Chemielaborant/in,68323.06,70096.37,1773.31
Leiter/in Krippe,74400,76253.85,1853.85000000001
Servicetechniker/in,71951.63,73846.15,1894.51999999999
Osteopath/in,38076.92,40000,1923.08
Technische/r Assistent/in der Zentralsterilisation,54783.93,56708.92,1924.99
Gipser/in,63224.99,65169.23,1944.24000000001
Makler/in,61993.85,63961.54,1967.69
Schadenregulierer/in,67714.87,69784.62,2069.75
Koch/Köchin,57305.82,59412.31,2106.49
Tontechniker/in,57846.67,60000,2153.33
Restaurator/in,55572.31,57753.85,2181.54
Baumaschinenführer/in,66215.33,68400,2184.67
Chef de Bar,52115.38,54323.08,2207.7
Übersetzer/in,66203.08,68423.41,2220.33
Wirtschaftsprüfer/in,111878.54,114102.56,2224.02
Haushaltshilfe,33969.23,36245.8,2276.57
Kellner/in,45820.93,48222.49,2401.56
Mitarbeiter/in Qualitätsmanagement,73656.92,76069.23,2412.31
General Manager/in Hotellerie,107307.69,109846.15,2538.45999999999
Aushilfe,35940.06,38587.69,2647.63
Junior Projektleiter/in,76011.19,78675,2663.81
Projektleiter/in,91694.93,94418.13,2723.20000000001
Wildhüter/in,55384.62,58153.85,2769.23
Korrektor/in,70153.85,72923.08,2769.23
Leiter/in Administration,80895.08,83695.38,2800.3
Wirtschaftsingenieur/in,100186.92,103269.23,3082.31
Verwaltungsassistent/in,68130.92,71225.17,3094.25
Projektassistent/in,59692.31,62807.69,3115.38
IT Controller/in,93410.77,96538.46,3127.69
Metallbauermeister/in,78444.23,81600,3155.77
Anwaltsassistent/in,62769.23,65949.6,3180.37
Sachbearbeiter/in Buchhaltung,64096.43,67282.77,3186.34
LKW Fahrer/in,58809.51,62041.03,3231.52
Jurist/in,95767,99115.38,3348.38
Vertriebsleiter/in,160589.79,164000,3410.20999999999
Lichtplaner/in,92769.23,96230.77,3461.54000000001
Musiklehrer/in,73846.15,77538.46,3692.31000000001
Applikationsingenieur/in,91564.1,95276.92,3712.81999999999
Teamleiter/in Callcenter,76796.5,80596.15,3799.64999999999
Landwirt/in,46184.11,50153.85,3969.74
Notar/in,92123.08,96156.86,4033.78
Sachbearbeiter/in Kreditoren,56100,60251.54,4151.54
Hotelfachfrau/mann,43875.38,48071.21,4195.83
IT Systemspezialist/in,101822.68,106046.15,4223.47
Drucker/in,62803.85,67041.76,4237.91
Heimleiter/in,127017.75,131261.54,4243.79000000001
Finance Direktor/in,173774.04,178379.12,4605.07999999999
Gleisbauer/in,58084.1,62695.38,4611.28
Zoofachverkäufer/in,42924.46,47653.85,4729.39
Heilerziehungspfleger/in,55235.38,60000,4764.62
Wirtschaftsinformatiker/in,100838.37,105615.38,4777.01000000001
Senior Network Engineer,113357.69,118153.85,4796.16
Business Travel Consultant,64800,69600,4800
Zweiradmechaniker/in,47995.38,52800,4804.62
Leiter/in Innendienst,87184.03,92053.85,4869.82000000001
Facility Manager/in,92999.84,98292.31,5292.47
Vertriebsmitarbeiter/in,75037.18,80333.33,5296.15000000001
Assistent/in Treuhand,60830.77,66146.46,5315.69000000001
Finanzbeamter/in,99991.38,105338.46,5347.08
Wissenschaftler/in,84481.98,89979.69,5497.71000000001
Sachbearbeiter/in Sozialversicherung,53784,59436.92,5652.92
Eventmanager/in,76218.74,82019.49,5800.75
Procurement Manager/in,108923.08,114794.87,5871.78999999999
Mechaniker/in,65107.76,71076.92,5969.16
Ökonom/in,108435.9,114435.9,6000
Montageleiter/in,95906.54,102000,6093.46000000001
Fahrzeugaufbereiter/in,42603.23,48738.46,6135.23
Studienleiter/in,100615.38,106823.08,6207.7
Schreiner/in,64642.46,70854.28,6211.82
Facharzt/-ärztin Psychiatrie,139673.08,146030.77,6357.69
Scrum Master/in,119525.64,125907.69,6382.05
OP Schwester,77038.46,83542.53,6504.06999999999
Putzhilfe,37538.46,44082.4,6543.94
Agrarwissenschaftler/in,78038.46,84923.08,6884.62
Tax Analyst/in,80000,87000,7000
Konstrukteur/in,71644.31,78738.46,7094.15000000001
Datenbank Manager/in,85815.38,92921.15,7105.76999999999
Schlosser/in,66119.74,73846.15,7726.40999999999
Elektrozeichner/in,55138.46,63000,7861.54
Schulleiter/in,131518.46,139384.62,7866.16
Softwareberater/in,92863.74,100800,7936.26
Personalberater/in,71522.05,79496.11,7974.06
Junior Sales Manager/in,75553.85,83653.85,8100
Reiseberater/in,48984.62,57250.55,8265.93
Customer Relationship Manager/in,119051.28,127384.62,8333.34
Informatiker/in,80470.11,88968.97,8498.86
Vorstandsassistent/in,67615.38,76167.31,8551.92999999999
3D Artist/in,58769.23,67461.54,8692.30999999999
Ressortleiter/in,92307.69,101076.92,8769.23
Elektroingenieur/in,91826.86,100760,8933.14
Kranführer/in,67623.35,76615.38,8992.03
Eingliederungsberater/in,86950.77,96000,9049.23
Klinikleiter/in,120000,129230.77,9230.77
Forstwirt/in,65882.52,75335.54,9453.01999999999
Automatiker/in,63927.3,73409.08,9481.78
Empfangsmitarbeiter/in,50540,60063.72,9523.72
Junior IT Projektleiter/in,74353.85,84000,9646.14999999999
Entwickler/in,92323.08,102018.46,9695.38000000001
IT Supporter/in,78785.88,88545.6,9759.72
Personalvermittler/in,83846.15,93615.38,9769.23000000001
Pädagoge/Pädagogin,62500,72333.33,9833.33
Berufsberater/in,79648.35,89594.31,9945.95999999999
Sachbearbeiter/in Finanzen,58388.77,68457.58,10068.81
Geoinformatiker/in,68169.23,78360,10190.77
Hotelier,104609.23,115015.38,10406.15
Ausbildungsleiter/in,110769.23,121384.62,10615.39
Operationstechnische/r Assistent/in,72323.08,82993.23,10670.15
Key Account Manager/in,122078.01,132990,10911.99
Hauswirtschaftsleiter/in,45036,56024.62,10988.62
Planer/in,100227.49,111384.62,11157.13
Wachmann/frau Alarmzentrale,67153.85,78461.54,11307.69
Leiter/in Hochbau,103804.62,115200,11395.38
Verfahrenstechniker/in,85458.85,96923.08,11464.23
Erntehelfer/in,42000,53584.62,11584.62
Psychotherapeut/in,70246.62,82168.62,11922
Sanitärinstallateur/in,63425.63,75552,12126.37
Professor/in,155224.54,167769.23,12544.69
Health Econimist Manager/in,93153.85,105730.77,12576.92
Sporttherapeut/in,73269.23,85846.15,12576.92
Ernährungsberater/in,57692.31,70457.08,12764.77
Lebensmittelingenieur/in,83047.91,96192.31,13144.4
Junior Account Manager/in,64673.08,78123.08,13450
Sachverständiger/in technischer Dienst,75000,88615.38,13615.38
HSE Manager/in,170769.23,184615.38,13846.15
Praxisassistent/in,48000,61955.79,13955.79
Malermeister/in,74694.9,89307.69,14612.79
Leiter/in Finanzen,230518.22,245142.86,14624.64
OP-Manager/in,98400,113190.77,14790.77
Assistent/in Rechnungswesen,49200,64001.03,14801.03
Einrichtungsberater/in,66897.44,81784.62,14887.18
Digital Channel Manager/in,87000,102000,15000
Psychologische/r Psychotherapeut/in,76461.54,92431.45,15969.91
Biologe/in,80426.92,96414.23,15987.31
Investor Relations Manager,140769.23,156923.08,16153.85
Systemingenieur/in,97224.81,113538.46,16313.65
Energie Berater/in,94098.46,110769.23,16670.77
Mediaplaner/in,66919.38,84218.46,17299.08
Online-Redakteur/in,62300,80000,17700
Fachkraft Arbeitssicherheit,81876.92,99692.31,17815.39
Content Manager/in,62300,80365.38,18065.38
Qualitätsexperte/in,78846.15,98102.56,19256.41
HR Fachfrau/mann,64800,84255.69,19455.69
Grundbauer/in,60000,80034,20034
Marktleiter/in,77564.88,97846.15,20281.27
Telefonist/in,27692.31,48000,20307.69
Bootswart,57000,78461.54,21461.54
PR Manager/in,82461.54,103999.38,21537.84
Barkellner/in,13615.38,36000,22384.62
Hochschullehrer/in,133846.15,156996.46,23150.31
Hochbaufacharbeiter/in,60923.08,84200,23276.92
Projektmanager/in Pharma,108343.2,131769.23,23426.03
Inside Sales Manager/in,69969.23,94153.85,24184.62
Credit & Risk Manager/in,103557.69,128000,24442.31
Absatzplaner/in,79590.81,107076.92,27486.11
Pharmaberater/in,131923.08,160000,28076.92
Netzwerkbetreuer/in,80572.31,108923.08,28350.77
Strategieberater/in,92307.69,125000,32692.31
Deklarant/in,60600,94153.85,33553.85
Marketing Manager/in,111025.64,149781.06,38755.42
CTO,174138.46,217846.15,43707.69
Anwendungstechniker/in,75359.76,120000,44640.24
Abfalltechniker/in,52000,,
Abgeordnete/r,70000,,
Abkanter/in,62632.21,,
Abteilungsleiter/in Energie,96000,,
Abteilungsleiter/in Heizung,105970.51,,
Abteilungsleiter/in Karosserie,71538.46,,
AdManager,94615.38,,
Amtsvormund,93553.85,,
Anlage- und Apparatebauer/in,59744.75,,
Anlageoparator/in,66767.18,,
Anzeigenberater/in,70000,,
Arbeitsvorbereiter/in,76688.46,,
Architektmodellbauer/in,92307.69,,
Artist/in,92307.69,,
Artwork Coordinator,103000,,
Asbestsanierer/in,65307.69,,
Asphaltierer/in,64615.38,,
Astrophysiker/in,116307.69,,
Aufzugsmonteur/in,59400,,
Aufzugstechniker/in,76923.08,,
Ausbilder/in,94812.66,,
Automatentechniker/in,64421.41,,
Automatisierer/in,76601.54,,
Automatisierungstechniker/in,77676.92,,
Automobilmechatroniker/in,62027.43,,
Bankkaufmann/Bankkauffrau in Ausbildung,15000,,
Bauarbeiter/in,59766.43,,
Bauhelfer/in,39674.73,,
Baumaschinenmechaniker/in,65389.2,,
Baustellenleiter/in,83076.92,,
Baustoffprüfer/in,65446.15,,
Bautechniker/in,74200,,
Bauwerksabdichter/in,80000,,
Beamter/in Zolldienst,71550,,
Beleuchter/in Bühne,27692.31,,
Berufssportler/in,91538.46,,
Betontechnologe/in,86769.23,,
Betriebselektriker/in,70429.77,,
Binnenschiffer/in,72000,,
Bioinformatiker/in,113365.38,,
Bootsbauer/in,68418.03,,
Börsenhändler/in,292615.38,,
Brauer- und Mälzermeister/in,76663.08,,
Brigadekommandant,198461.54,,
Brunnenmeister/in,76711.54,,
Buchprüfer/in,64615.38,,
Cargo Duty Officer,50153.85,,
CEO,612655.38,,
CGL,110769.23,,
Chef Stewardess/Steward,60000,,
Colorist/in,87000,,
Commis de Rang,48415.38,,
Concierge,57115.38,,
Contractmanager/in,102000,,
COO,190678.32,,
Creative Director/in,132442.31,,
Credit Officer,91846.15,,
Demi Chef de Partie,53439.16,,
Desinfektor/in,72000,,
DevOps Engineer/in,124000,,
Diagnostiker/in,69876.92,,
Dramaturg/in,80307.69,,
Dreher/in,75919.23,,
Elektromechaniker/in,75838.95,,
Elektroniker/in EFZ,70363.23,,
Elektrotechniker/in,68060.29,,
Entroster/in,50400,,
Entwässerungstechnologe/-login,64984.62,,
Ermittler/in Versicherung,109846.15,,
Erodierer/in,66461.54,,
F&E Manager/in,185538.46,,
Fachwirt/in - Energie,84230.77,,
Fahrlehrer/in,95576.92,,
Fahrleitungsmonteur/in,68111.54,,
Fahrzeugelektriker/in,56432.31,,
Fassadenisoleur/in,63568.35,,
Fensterbauer/in,57784.62,,
Fertigungsplaner/in,74110.77,,
Feuerwehrmann,67846.15,,
Fischverarbeiter/in,7384.62,,
Flachdachdecker/in,64099.73,,
Fleischzerleger/in,56076.92,,
Flexodrucker/in,61261.54,,
Fluggerätemechaniker/in,68015.38,,
Fluglehrer/in,81600,,
Flugverkehrsleiter/in,189230.77,,
Flugzeug Elektroniker/in,61230.77,,
Flugzeug Mechaniker/in,73092.31,,
Forscher/in,86984.62,,
Fotomodell,184615.38,,
Gabelstaplerfahrer/in,57354.87,,
Galvaniseur/in,69805.13,,
Gebietsleiter/in,133292.31,,
Gemeindereferent/in,72000,,
Geograph/in,90673.08,,
Gerichtsschreiber/in,102000,,
Getränkelieferant/in,44184.62,,
Gießereimechaniker/in,66830.77,,
Glasbläser/in,82464.62,,
Global Category Spezialist/in,124576.92,,
Glockengießer/in,70000,,
Graveur/in,79038.46,,
Gruppenleiter/in Produktion,80852.31,,
Gussformer/in,53630.77,,
Hardwareentwickler/in,74000,,
Hauptabteilungsleiter/in,168807.69,,
Head of Sales,170093.41,,
Heizungsbauer/in,58615.38,,
Heizungsplaner/in,63494.51,,
Helfer/in Hochbau,48000,,
Holzbauingenieur/in,77538.46,,
Holzingenieur/in,82101.54,,
Hufbeschlagschmied/in,52800,,
Hundetrainer/in,29000,,
ICT Consultant,107123.08,,
Illustrator/in,80307.69,,
Industriebäcker/in,80000,,
Industriemechaniker/in,71907.38,,
Industriemeister/in Chemie,92307.69,,
Industriemeister/in Gießerei,67234.62,,
Industriemeister/in Kunststoff,55384.62,,
Industriemeister/in Maschinenbau,81837.69,,
Industriemeister/in Metall,79661.54,,
Instandhaltungstechniker/in,64958.65,,
Interne Revision,103970.94,,
Intraday-Manager/in,64615.38,,
Investment Analyst/in,122086.54,,
Investment Banker/in,132307.69,,
Investmentberater/in,233846.15,,
Isolierspengler/in,66995.02,,
IT Desktop Analyst/in,85333.33,,
IT Direktor/in,186708.79,,
IT Sicherheitstechniker/in,138461.54,,
IT-System-Elektroniker/in,72843.08,,
Java Enterprise Architekt/in,134021.05,,
Java Entwickler/in,101200,,
Junior Marketing Manager/in,92307.69,,
Junior Sales Engineer,78461.54,,
Justizvollzugsbeamte/in,69692.31,,
Kältetechniker/in,69265.24,,
Kameratechniker/in,68000,,
Kanalreiniger/in,62019.23,,
Kardiotechniker/in,84000,,
Karosserie Spengler/in,61723.08,,
Karriereberater/in,105692.31,,
KFZ Aufbereiter/in,45415.38,,
KFZ Diagnostiker/in,47073.85,,
KFZ Händler/in,61800,,
Konstruktion Manager/in,88153.85,,
Kostümbildner/in,74400,,
Küchenmonteur/in,64553.85,,
Kühlanlagentechniker/in,83076.92,,
Kunsttherapeut/in,61250,,
Lackierer/in,62317.31,,
Ladendetektiv/in,54000,,
Landmaschinenmechaniker/in,58612.31,,
Lebensmittelkontrolleur/in,76307.69,,
Lebensmitteltechnische/r Assistent/in,10153.85,,
Leiter Softwareentwicklung,132307.69,,
Leiter/in Alarmzentrale,51046.15,,
Leiter/in Arbeitsvorbereitung,88709.23,,
Leiter/in Catering,64615.38,,
Leiter/in Fertigung,109846.15,,
Leiter/in Informatik,134569.14,,
Leiter/in Poststelle,80492.31,,
Leiter/in Qualitätssicherung,105533.85,,
Leiter/in Sicherungssysteme,138461.54,,
Leiter/in Zweigstelle,72000,,
Liftmonteur/in,64162.81,,
LKW Händler/in,65000,,
LKW-Mechaniker/in,65123.08,,
Lohnsachbearbeiter/in,78000,,
Luftfahrzeugmechaniker/in,70560,,
Lüftungsmonteur/in,61422.8,,
Management Trainee,73846.15,,
Marktforscher/in,76153.85,,
Maschinenbautechniker/in,72310.16,,
Maschineneinrichter/in,62138.46,,
Maschinenmonteur/in,65688.21,,
Mathematiker/in,126025,,
Matrose,24615.38,,
Mechatroniker/in,63947.93,,
Mechatroniker/in Kältetechnik,61538.46,,
Medienberater/in,69230.77,,
Medizinische/r Direktor/in,150000,,
Medizinische/r Dokumentator/in,92307.69,,
Medizinische/r Präparationsassistent/in,64246.15,,
Meister/in Landschaftsbau,75000,,
Messingenieur/in,75000,,
Metallbauer/in,61236.33,,
Metallblasinstrumentenmacher/in,48000,,
Meteorologe/Meteorologin,68000,,
Metzgermeister/in,70331.19,,
Mitarbeiter/in Alarmzentrale,55200,,
Mitarbeiter/in Käserei,62800,,
Mitarbeiter/in Sicherheit,62500,,
Mitarbeiter/in Versand,57000,,
Möbelmonteur/in,56873.85,,
Molkereimeister/in,60000,,
Museumsleiter/in,61846.15,,
Musiker/in,81721.85,,
Musikschulleiter/in,122769.23,,
Netzelektriker/in,62272.65,,
Niederlassungsleiter/in,125000,,
Night-Auditor,47876.92,,
Oberbauleiter/in,100984.62,,
Oberflächenbeschichter/in,56030.77,,
Oenologe/-login,78000,,
Ofenbauer/in,64666.67,,
Offsetdrucker/in,70595.6,,
Orgelbauer/in,61750,,
Orthopädietechnik-Mechaniker/in,71254.7,,
Packaging Manager/in,83076.92,,
Paketzusteller/in,54185.64,,
Papiertechnologe,72230.77,,
Parkettleger/in,63682.46,,
Pastor/in,126461.54,,
Personenschützer/in,184615.38,,
Pfarrer/in,87601.54,,
Pizzabäcker/in,43571.15,,
Pizzakurier,44861.54,,
Podologyst/in,64615.38,,
Polsterer/Polsterin,58438.46,,
Polybauer/in,57515.38,,
Portier,42451.48,,
Produktionshelfer/in Fensterbau,55384.62,,
Programmierer/in,78608.79,,
Projektleiter/in Baugewerbe,102883.85,,
Projektleiter/in Ladenbau,78461.54,,
Projektleiter/in Lüftung,73619.58,,
Projektleiter/in Maschinenbau,80624.18,,
Projektleiter/in Messebau,84000,,
Projektleiter/in Photovoltaik,67508.33,,
Prozesstechniker/in,69000,,
Psychometriker/in,60000,,
Pyrotechniker/in,70954.15,,
Recyclist/in,53881.74,,
Rehatechniker/in,76661.54,,
Rental Car Agent/in,46153.85,,
Rohstoffhändler/in,133846.15,,
Rollladen- und Sonnenschutzmechatroniker/in,64000,,
Sänger/in,44307.69,,
Saug-Baggerführer/in,63500,,
Schädlingsbekämpfer/in,60793.85,,
Schaler/in,72302.56,,
Schauspieler/in,78000,,
Schiedsrichter/in Fußball,120000,,
Schiffsmechaniker/in,60000,,
Schleifer/in,62437.36,,
Schornsteinfeger/in,55076.92,,
Schweisser/in,66051.94,,
Screendesigner/in,53692.31,,
Seelsorger/in,125384.62,,
Seilbahnmechatroniker/in,57225.23,,
Senior Auditor,87338.46,,
Senior Kreditmanager/in,124615.38,,
Senior Lean Projektmanager/in,107671.79,,
Senior System Engineer,99752.99,,
Sicherheitsangestellte/r,60293.06,,
Sicherheitschef/in,115987.69,,
Side Manager/in,92307.69,,
Skilehrer/in,51250,,
Solarmonteur/in,56661.54,,
Soldat/in,59000,,
Spleisser/in,65598.97,,
Sportlehrer/in,80230.77,,
Sportmanager/in,99692.31,,
Sportwissenschaftler/in,60000,,
Sprechstundenhilfe,49384.62,,
SPS Programmierer/in,70632.17,,
Stadtschreiber/in,85230.77,,
Stahlbauplaner/in,147692.31,,
Stahlbauschlosser/in,66560.07,,
Staplerfahrer/in,53432.69,,
Statiker/in,83057.69,,
Steinmetz/in,55384.62,,
Steuerungstechniker/in,90068.13,,
Strahlenschutzbeauftragte/r,102000,,
Strahlenschutzbeauftragte/r,80400,,
Straßenbahnfahrer/in,60083.85,,
Straßenbauer/in,63663.31,,
Stuckateur/in,66923.08,,
Supplier Quality Engineer,97863.31,,
Support Manager/in,118256.41,,
Systemadministrator/in,86723.08,,
Systementwickler/in,104215.38,,
Tanklagermitarbeiter/in,72000,,
Tankwart/in,42200,,
Teamleiter/in SAP,99276.92,,
Teamleiter/in Verkauf,89126.77,,
Techniker/in Holzbau,72126.37,,
Techniker/in Hygiene,70615.38,,
Technische/r Angestellte/r,74525.17,,
Technische/r Leiter/in,93531.08,,
Technische/r Manager/in,132711.54,,
Telematiker/in,71005.03,,
Tennislehrer/in,46153.85,,
Tiefbauer/in,60079.87,,
Tiefdrucker/in,68153.85,,
Tischlermeister/in,33230.77,,
Triebwerkmechaniker/in,49846.15,,
Umzugshelfer/in,52527,,
Unteroffizier,80769.23,,
UX/UI Designer/in,95000,,
Verfahrensmechaniker/in,71052.99,,
Verfuger/in,52000,,
Verkaufstrainer/in,92307.69,,
Verkehrsleiter/in Eisenbahn,57292.31,,
Vermögensberater/in,112432.69,,
Versicherungsmathematiker/in,106892.31,,
Versorgungstechniker/in,71538.46,,
Vertriebsingenieur/in,99875.13,,
Video-Redakteur/in,64769.23,,
Visualisierer/in,66923.08,,
Vorarbeiter/in,70398.92,,
Vorfeldmitarbeiter/in,46153.85,,
Wachdienstmitarbeiter/in,64615.38,,
Waldarbeiter/in,46153.85,,
Werkstattleiter/in,77119.06,,
Werkstoffprüfer/in,82636.92,,
Wertpapierhändler/in,193500,,
Wirtschaftsanwalt/Wirtschaftsanwältin,370296.92,,
Wirtschaftswissenschaftler/in,106000,,
Yogalehrer/in,65000,,
Zerspanungsmechaniker/in,67717.87,,
